id,sku,gtin_status,mpn_status,identifier_exists,google_product_category,condition,gender,age_group
238,BOND-HB-238,manufacturer_or_GS1_required,manufacturer_assigned_only,no_guessing,Apparel & Accessories > Handbags\, Wallets & Cases > Handbags,new,women,adult
239,BOND-HB-239,manufacturer_or_GS1_required,manufacturer_assigned_only,no_guessing,Apparel & Accessories > Handbags\, Wallets & Cases > Handbags,new,women,adult
240,BOND-HB-240,manufacturer_or_GS1_required,manufacturer_assigned_only,no_guessing,Apparel & Accessories > Handbags\, Wallets & Cases > Handbags,new,women,adult
241,BOND-HB-241,manufacturer_or_GS1_required,manufacturer_assigned_only,no_guessing,Apparel & Accessories > Handbags\, Wallets & Cases > Handbags,new,women,adult
242,BOND-HB-242,manufacturer_or_GS1_required,manufacturer_assigned_only,no_guessing,Apparel & Accessories > Handbags\, Wallets & Cases > Handbags,new,women,adult
243,BOND-HB-243,manufacturer_or_GS1_required,manufacturer_assigned_only,no_guessing,Apparel & Accessories > Handbags\, Wallets & Cases > Handbags,new,women,adult
244,BOND-HB-244,manufacturer_or_GS1_required,manufacturer_assigned_only,no_guessing,Apparel & Accessories > Handbags\, Wallets & Cases > Handbags,new,women,adult
245,BOND-HB-245,manufacturer_or_GS1_required,manufacturer_assigned_only,no_guessing,Apparel & Accessories > Handbags\, Wallets & Cases > Handbags,new,women,adult
246,BOND-HB-246,manufacturer_or_GS1_required,manufacturer_assigned_only,no_guessing,Apparel & Accessories > Handbags\, Wallets & Cases > Handbags,new,women,adult
247,BOND-HB-247,manufacturer_or_GS1_required,manufacturer_assigned_only,no_guessing,Apparel & Accessories > Handbags\, Wallets & Cases > Handbags,new,women,adult
248,BOND-HB-248,manufacturer_or_GS1_required,manufacturer_assigned_only,no_guessing,Apparel & Accessories > Handbags\, Wallets & Cases > Handbags,new,women,adult
249,BOND-HB-249,manufacturer_or_GS1_required,manufacturer_assigned_only,no_guessing,Apparel & Accessories > Handbags\, Wallets & Cases > Handbags,new,women,adult
250,BOND-HB-250,manufacturer_or_GS1_required,manufacturer_assigned_only,no_guessing,Apparel & Accessories > Handbags\, Wallets & Cases > Handbags,new,women,adult
251,BOND-HB-251,manufacturer_or_GS1_required,manufacturer_assigned_only,no_guessing,Apparel & Accessories > Handbags\, Wallets & Cases > Handbags,new,women,adult
252,BOND-HB-252,manufacturer_or_GS1_required,manufacturer_assigned_only,no_guessing,Apparel & Accessories > Handbags\, Wallets & Cases > Handbags,new,women,adult
253,BOND-HB-253,manufacturer_or_GS1_required,manufacturer_assigned_only,no_guessing,Apparel & Accessories > Handbags\, Wallets & Cases > Handbags,new,women,adult
254,BOND-HB-254,manufacturer_or_GS1_required,manufacturer_assigned_only,no_guessing,Apparel & Accessories > Handbags\, Wallets & Cases > Handbags,new,women,adult
255,BOND-HB-255,manufacturer_or_GS1_required,manufacturer_assigned_only,no_guessing,Apparel & Accessories > Handbags\, Wallets & Cases > Handbags,new,women,adult
256,BOND-HB-256,manufacturer_or_GS1_required,manufacturer_assigned_only,no_guessing,Apparel & Accessories > Handbags\, Wallets & Cases > Handbags,new,women,adult
257,BOND-HB-257,manufacturer_or_GS1_required,manufacturer_assigned_only,no_guessing,Apparel & Accessories > Handbags\, Wallets & Cases > Handbags,new,women,adult
258,BOND-HB-258,manufacturer_or_GS1_required,manufacturer_assigned_only,no_guessing,Apparel & Accessories > Handbags\, Wallets & Cases > Handbags,new,women,adult
259,BOND-HB-259,manufacturer_or_GS1_required,manufacturer_assigned_only,no_guessing,Apparel & Accessories > Handbags\, Wallets & Cases > Handbags,new,women,adult
260,BOND-HB-260,manufacturer_or_GS1_required,manufacturer_assigned_only,no_guessing,Apparel & Accessories > Handbags\, Wallets & Cases > Handbags,new,women,adult
261,BOND-HB-261,manufacturer_or_GS1_required,manufacturer_assigned_only,no_guessing,Apparel & Accessories > Handbags\, Wallets & Cases > Handbags,new,women,adult
262,BOND-HB-262,manufacturer_or_GS1_required,manufacturer_assigned_only,no_guessing,Apparel & Accessories > Handbags\, Wallets & Cases > Handbags,new,women,adult
263,BOND-HB-263,manufacturer_or_GS1_required,manufacturer_assigned_only,no_guessing,Apparel & Accessories > Handbags\, Wallets & Cases > Handbags,new,women,adult
264,BOND-HB-264,manufacturer_or_GS1_required,manufacturer_assigned_only,no_guessing,Apparel & Accessories > Handbags\, Wallets & Cases > Handbags,new,women,adult
265,BOND-HB-265,manufacturer_or_GS1_required,manufacturer_assigned_only,no_guessing,Apparel & Accessories > Handbags\, Wallets & Cases > Handbags,new,women,adult
266,BOND-HB-266,manufacturer_or_GS1_required,manufacturer_assigned_only,no_guessing,Apparel & Accessories > Handbags\, Wallets & Cases > Handbags,new,women,adult
267,BOND-HB-267,manufacturer_or_GS1_required,manufacturer_assigned_only,no_guessing,Apparel & Accessories > Handbags\, Wallets & Cases > Handbags,new,women,adult
268,BOND-HB-268,manufacturer_or_GS1_required,manufacturer_assigned_only,no_guessing,Apparel & Accessories > Handbags\, Wallets & Cases > Handbags,new,women,adult
269,BOND-HB-269,manufacturer_or_GS1_required,manufacturer_assigned_only,no_guessing,Apparel & Accessories > Handbags\, Wallets & Cases > Handbags,new,women,adult
270,BOND-HB-270,manufacturer_or_GS1_required,manufacturer_assigned_only,no_guessing,Apparel & Accessories > Handbags\, Wallets & Cases > Handbags,new,women,adult
271,BOND-HB-271,manufacturer_or_GS1_required,manufacturer_assigned_only,no_guessing,Apparel & Accessories > Handbags\, Wallets & Cases > Handbags,new,women,adult
272,BOND-HB-272,manufacturer_or_GS1_required,manufacturer_assigned_only,no_guessing,Apparel & Accessories > Handbags\, Wallets & Cases > Handbags,new,women,adult
273,BOND-HB-273,manufacturer_or_GS1_required,manufacturer_assigned_only,no_guessing,Apparel & Accessories > Handbags\, Wallets & Cases > Handbags,new,women,adult
274,BOND-HB-274,manufacturer_or_GS1_required,manufacturer_assigned_only,no_guessing,Apparel & Accessories > Handbags\, Wallets & Cases > Handbags,new,women,adult
275,BOND-HB-275,manufacturer_or_GS1_required,manufacturer_assigned_only,no_guessing,Apparel & Accessories > Handbags\, Wallets & Cases > Handbags,new,women,adult
276,BOND-HB-276,manufacturer_or_GS1_required,manufacturer_assigned_only,no_guessing,Apparel & Accessories > Handbags\, Wallets & Cases > Handbags,new,women,adult
277,BOND-HB-277,manufacturer_or_GS1_required,manufacturer_assigned_only,no_guessing,Apparel & Accessories > Handbags\, Wallets & Cases > Handbags,new,women,adult
278,BOND-HB-278,manufacturer_or_GS1_required,manufacturer_assigned_only,no_guessing,Apparel & Accessories > Handbags\, Wallets & Cases > Handbags,new,women,adult
279,BOND-HB-279,manufacturer_or_GS1_required,manufacturer_assigned_only,no_guessing,Apparel & Accessories > Handbags\, Wallets & Cases > Handbags,new,women,adult
280,BOND-HB-280,manufacturer_or_GS1_required,manufacturer_assigned_only,no_guessing,Apparel & Accessories > Handbags\, Wallets & Cases > Handbags,new,women,adult
281,BOND-HB-281,manufacturer_or_GS1_required,manufacturer_assigned_only,no_guessing,Apparel & Accessories > Handbags\, Wallets & Cases > Handbags,new,women,adult
282,BOND-HB-282,manufacturer_or_GS1_required,manufacturer_assigned_only,no_guessing,Apparel & Accessories > Handbags\, Wallets & Cases > Handbags,new,women,adult
283,BOND-HB-283,manufacturer_or_GS1_required,manufacturer_assigned_only,no_guessing,Apparel & Accessories > Handbags\, Wallets & Cases > Handbags,new,women,adult
284,BOND-HB-284,manufacturer_or_GS1_required,manufacturer_assigned_only,no_guessing,Apparel & Accessories > Handbags\, Wallets & Cases > Handbags,new,women,adult
285,BOND-HB-285,manufacturer_or_GS1_required,manufacturer_assigned_only,no_guessing,Apparel & Accessories > Handbags\, Wallets & Cases > Handbags,new,women,adult
287,BOND-HB-287,manufacturer_or_GS1_required,manufacturer_assigned_only,no_guessing,Apparel & Accessories > Handbags\, Wallets & Cases > Handbags,new,women,adult
288,BOND-HB-288,manufacturer_or_GS1_required,manufacturer_assigned_only,no_guessing,Apparel & Accessories > Handbags\, Wallets & Cases > Handbags,new,women,adult
289,BOND-HB-289,manufacturer_or_GS1_required,manufacturer_assigned_only,no_guessing,Apparel & Accessories > Handbags\, Wallets & Cases > Handbags,new,women,adult
290,BOND-HB-290,manufacturer_or_GS1_required,manufacturer_assigned_only,no_guessing,Apparel & Accessories > Handbags\, Wallets & Cases > Handbags,new,women,adult
291,BOND-HB-291,manufacturer_or_GS1_required,manufacturer_assigned_only,no_guessing,Apparel & Accessories > Handbags\, Wallets & Cases > Handbags,new,women,adult
292,BOND-HB-292,manufacturer_or_GS1_required,manufacturer_assigned_only,no_guessing,Apparel & Accessories > Handbags\, Wallets & Cases > Handbags,new,women,adult
293,BOND-HB-293,manufacturer_or_GS1_required,manufacturer_assigned_only,no_guessing,Apparel & Accessories > Handbags\, Wallets & Cases > Handbags,new,women,adult
294,BOND-HB-294,manufacturer_or_GS1_required,manufacturer_assigned_only,no_guessing,Apparel & Accessories > Handbags\, Wallets & Cases > Handbags,new,women,adult
295,BOND-HB-295,manufacturer_or_GS1_required,manufacturer_assigned_only,no_guessing,Apparel & Accessories > Handbags\, Wallets & Cases > Handbags,new,women,adult
296,BOND-HB-296,manufacturer_or_GS1_required,manufacturer_assigned_only,no_guessing,Apparel & Accessories > Handbags\, Wallets & Cases > Handbags,new,women,adult
317,BOND-HB-317,manufacturer_or_GS1_required,manufacturer_assigned_only,no_guessing,Apparel & Accessories > Handbags\, Wallets & Cases > Handbags,new,women,adult
318,BOND-HB-318,manufacturer_or_GS1_required,manufacturer_assigned_only,no_guessing,Apparel & Accessories > Handbags\, Wallets & Cases > Handbags,new,women,adult
319,BOND-HB-319,manufacturer_or_GS1_required,manufacturer_assigned_only,no_guessing,Apparel & Accessories > Handbags\, Wallets & Cases > Handbags,new,women,adult
320,BOND-HB-320,manufacturer_or_GS1_required,manufacturer_assigned_only,no_guessing,Apparel & Accessories > Handbags\, Wallets & Cases > Handbags,new,women,adult
321,BOND-HB-321,manufacturer_or_GS1_required,manufacturer_assigned_only,no_guessing,Apparel & Accessories > Handbags\, Wallets & Cases > Handbags,new,women,adult
322,BOND-HB-322,manufacturer_or_GS1_required,manufacturer_assigned_only,no_guessing,Apparel & Accessories > Handbags\, Wallets & Cases > Handbags,new,women,adult
323,BOND-HB-323,manufacturer_or_GS1_required,manufacturer_assigned_only,no_guessing,Apparel & Accessories > Handbags\, Wallets & Cases > Handbags,new,women,adult
324,BOND-HB-324,manufacturer_or_GS1_required,manufacturer_assigned_only,no_guessing,Apparel & Accessories > Handbags\, Wallets & Cases > Handbags,new,women,adult
325,BOND-HB-325,manufacturer_or_GS1_required,manufacturer_assigned_only,no_guessing,Apparel & Accessories > Handbags\, Wallets & Cases > Handbags,new,women,adult
326,BOND-HB-326,manufacturer_or_GS1_required,manufacturer_assigned_only,no_guessing,Apparel & Accessories > Handbags\, Wallets & Cases > Handbags,new,women,adult
327,BOND-HB-327,manufacturer_or_GS1_required,manufacturer_assigned_only,no_guessing,Apparel & Accessories > Handbags\, Wallets & Cases > Handbags,new,women,adult
328,BOND-HB-328,manufacturer_or_GS1_required,manufacturer_assigned_only,no_guessing,Apparel & Accessories > Handbags\, Wallets & Cases > Handbags,new,women,adult
329,BOND-HB-329,manufacturer_or_GS1_required,manufacturer_assigned_only,no_guessing,Apparel & Accessories > Handbags\, Wallets & Cases > Handbags,new,women,adult
330,BOND-HB-330,manufacturer_or_GS1_required,manufacturer_assigned_only,no_guessing,Apparel & Accessories > Handbags\, Wallets & Cases > Handbags,new,women,adult
331,BOND-HB-331,manufacturer_or_GS1_required,manufacturer_assigned_only,no_guessing,Apparel & Accessories > Handbags\, Wallets & Cases > Handbags,new,women,adult
332,BOND-HB-332,manufacturer_or_GS1_required,manufacturer_assigned_only,no_guessing,Apparel & Accessories > Handbags\, Wallets & Cases > Handbags,new,women,adult
333,BOND-HB-333,manufacturer_or_GS1_required,manufacturer_assigned_only,no_guessing,Apparel & Accessories > Handbags\, Wallets & Cases > Handbags,new,women,adult
334,BOND-HB-334,manufacturer_or_GS1_required,manufacturer_assigned_only,no_guessing,Apparel & Accessories > Handbags\, Wallets & Cases > Handbags,new,women,adult
335,BOND-HB-335,manufacturer_or_GS1_required,manufacturer_assigned_only,no_guessing,Apparel & Accessories > Handbags\, Wallets & Cases > Handbags,new,women,adult
336,BOND-HB-336,manufacturer_or_GS1_required,manufacturer_assigned_only,no_guessing,Apparel & Accessories > Handbags\, Wallets & Cases > Handbags,new,women,adult
337,BOND-HB-337,manufacturer_or_GS1_required,manufacturer_assigned_only,no_guessing,Apparel & Accessories > Handbags\, Wallets & Cases > Handbags,new,women,adult
338,BOND-HB-338,manufacturer_or_GS1_required,manufacturer_assigned_only,no_guessing,Apparel & Accessories > Handbags\, Wallets & Cases > Handbags,new,women,adult
339,BOND-HB-339,manufacturer_or_GS1_required,manufacturer_assigned_only,no_guessing,Apparel & Accessories > Handbags\, Wallets & Cases > Handbags,new,women,adult
340,BOND-HB-340,manufacturer_or_GS1_required,manufacturer_assigned_only,no_guessing,Apparel & Accessories > Handbags\, Wallets & Cases > Handbags,new,women,adult
341,BOND-HB-341,manufacturer_or_GS1_required,manufacturer_assigned_only,no_guessing,Apparel & Accessories > Handbags\, Wallets & Cases > Handbags,new,women,adult
342,BOND-HB-342,manufacturer_or_GS1_required,manufacturer_assigned_only,no_guessing,Apparel & Accessories > Handbags\, Wallets & Cases > Handbags,new,women,adult
343,BOND-HB-343,manufacturer_or_GS1_required,manufacturer_assigned_only,no_guessing,Apparel & Accessories > Handbags\, Wallets & Cases > Handbags,new,women,adult
344,BOND-HB-344,manufacturer_or_GS1_required,manufacturer_assigned_only,no_guessing,Apparel & Accessories > Handbags\, Wallets & Cases > Handbags,new,women,adult
345,BOND-HB-345,manufacturer_or_GS1_required,manufacturer_assigned_only,no_guessing,Apparel & Accessories > Handbags\, Wallets & Cases > Handbags,new,women,adult
346,BOND-HB-346,manufacturer_or_GS1_required,manufacturer_assigned_only,no_guessing,Apparel & Accessories > Handbags\, Wallets & Cases > Handbags,new,women,adult
347,BOND-HB-347,manufacturer_or_GS1_required,manufacturer_assigned_only,no_guessing,Apparel & Accessories > Handbags\, Wallets & Cases > Handbags,new,women,adult
348,BOND-HB-348,manufacturer_or_GS1_required,manufacturer_assigned_only,no_guessing,Apparel & Accessories > Handbags\, Wallets & Cases > Handbags,new,women,adult
349,BOND-HB-349,manufacturer_or_GS1_required,manufacturer_assigned_only,no_guessing,Apparel & Accessories > Handbags\, Wallets & Cases > Handbags,new,women,adult
350,BOND-HB-350,manufacturer_or_GS1_required,manufacturer_assigned_only,no_guessing,Apparel & Accessories > Handbags\, Wallets & Cases > Handbags,new,women,adult
351,BOND-HB-351,manufacturer_or_GS1_required,manufacturer_assigned_only,no_guessing,Apparel & Accessories > Handbags\, Wallets & Cases > Handbags,new,women,adult
352,BOND-HB-352,manufacturer_or_GS1_required,manufacturer_assigned_only,no_guessing,Apparel & Accessories > Handbags\, Wallets & Cases > Handbags,new,women,adult
353,BOND-HB-353,manufacturer_or_GS1_required,manufacturer_assigned_only,no_guessing,Apparel & Accessories > Handbags\, Wallets & Cases > Handbags,new,women,adult
354,BOND-HB-354,manufacturer_or_GS1_required,manufacturer_assigned_only,no_guessing,Apparel & Accessories > Handbags\, Wallets & Cases > Handbags,new,women,adult
355,BOND-HB-355,manufacturer_or_GS1_required,manufacturer_assigned_only,no_guessing,Apparel & Accessories > Handbags\, Wallets & Cases > Handbags,new,women,adult
356,BOND-HB-356,manufacturer_or_GS1_required,manufacturer_assigned_only,no_guessing,Apparel & Accessories > Handbags\, Wallets & Cases > Handbags,new,women,adult
357,BOND-HB-357,manufacturer_or_GS1_required,manufacturer_assigned_only,no_guessing,Apparel & Accessories > Handbags\, Wallets & Cases > Handbags,new,women,adult
358,BOND-HB-358,manufacturer_or_GS1_required,manufacturer_assigned_only,no_guessing,Apparel & Accessories > Handbags\, Wallets & Cases > Handbags,new,women,adult